,sido,sgg,openDate,bedCount,instkind,revenue1,salescost1,sga1,salary1,noi1,noe1,interest1,ctax1,profit1,liquidAsset1,quickAsset1,receivableS1,inventoryAsset1,nonCAsset1,tanAsset1,OnonCAsset1,receivableL1,debt1,liquidLiabilities1,shortLoan1,NCLiabilities1,longLoan1,netAsset1,surplus1,revenue2,salescost2,sga2,salary2,noi2,noe2,interest2,ctax2,profit2,liquidAsset2,quickAsset2,receivableS2,inventoryAsset2,nonCAsset2,tanAsset2,OnonCAsset2,receivableL2,debt2,liquidLiabilities2,shortLoan2,NCLiabilities2,longLoan2,netAsset2,surplus2,employee1,employee2,ownerChange,inst_id,0
0,10,139,19981125.0,300.0,3,66824864410.0,0.0,65657092101.0,32236953402.0,4314093449.0,4901516562.0,1775872236.0,76680000.0,503669196.0,25913847298.0,24387412809.0,724257978.0,1526434489.0,48072817614.0,46299313665.0,746312240.0,0.0,67690895830.0,54260878189.0,38059269376.0,13430017641.0,6319096673.0,6295769082.0,8944587276.0,63603752482.0,0.0,62611262314.0,30169456545.0,4076448390.0,4332356668.0,1578625701.0,218399804.0,518182086.0,24989917015.0,23679279656.0,1237753941.0,1310637359.0,46501910026.0,43562963177.0,796386240.0,0.0,55406431667.0,50684431667.0,37143344381.0,4720000000.0,4690000000.0,16085395374.0,8944587276.0,693.0,693.0,2,2,1
1,11,149,20160309.0,44.0,4,34957575568.0,0.0,32592697196.0,16722544253.0,68710235.0,1981032861.0,1936454791.0,0.0,452555746.0,5861727241.0,5372198189.0,661028976.0,489529052.0,75110103878.0,66786481122.0,4500000.0,0.0,66267365958.0,42109451947.0,23300000000.0,24157914011.0,17200000000.0,14704465161.0,10462774450.0,37542526998.0,0.0,38685229259.0,18977322462.0,191802228.0,3694365215.0,2016114115.0,0.0,-4645265248.0,5503720305.0,4943368382.0,154430728.0,560351923.0,65593789830.0,65453024830.0,14500000.0,0.0,67308375170.0,42098280733.0,24200000000.0,25210094437.0,18300000000.0,3789134965.0,0.0,379.0,371.0,2,5,1
2,13,103,19890427.0,276.0,3,23260305967.0,2542570943.0,23087485220.0,11687337552.0,1601942757.0,1380941439.0,810120395.0,0.0,-2148748878.0,12653132775.0,11339218657.0,7337106674.0,1313914118.0,29454672516.0,28306315536.0,138806980.0,0.0,0.0,28306315536.0,21822782890.0,0.0,0.0,0.0,16385400958.0,24680345066.0,1500100033.0,23739495734.0,11911460194.0,236121643.0,1328858389.0,625923370.0,15210270.0,-1667197717.0,13542016215.0,12638512618.0,7003702834.0,903503597.0,29388100802.0,27775892339.0,428850980.0,0.0,0.0,27775892339.0,21822782890.0,0.0,0.0,0.0,16385400958.0,-999.0,-999.0,0,6,1
3,0,71,20100226.0,363.0,3,0.0,0.0,0.0,0.0,4850652289.0,2060988817.0,0.0,0.0,2789663472.0,8644532586.0,7891338155.0,0.0,753194431.0,67302642303.0,64152971336.0,0.0,0.0,28918804751.0,26041925484.0,18751867179.0,2876879267.0,0.0,47028370138.0,0.0,0.0,0.0,0.0,0.0,4975530163.0,2112735905.0,0.0,0.0,2862794258.0,12048967677.0,11264812600.0,0.0,784155077.0,39209035438.0,36019373569.0,0.0,0.0,12115167523.0,9556237015.0,4251867179.0,2558930508.0,0.0,39142835592.0,0.0,760.0,760.0,2,8,1
4,12,26,20040604.0,213.0,3,50370249897.0,0.0,48558027276.0,22963463015.0,1534452040.0,0.0,2573803974.0,0.0,3346674661.0,7849771653.0,7138326629.0,110400000.0,711445024.0,64048538311.0,60243012011.0,3582018880.0,0.0,49216366414.0,25033534025.0,17202185666.0,24182832389.0,9976421129.0,22681943550.0,14926909183.0,43489959875.0,0.0,40678103061.0,18716161000.0,1802199486.0,0.0,3925279031.0,0.0,4614056300.0,8847724531.0,7868783627.0,176400000.0,978940904.0,60856886146.0,60141108127.0,546748880.0,0.0,43959732611.0,7535567468.0,3298427375.0,36424165143.0,21347120000.0,25744878066.0,15072685841.0,437.0,385.0,2,10,1
5,8,122,20081224.0,220.0,3,43816543122.0,10051312608.0,29264928639.0,19715446217.0,3260366823.0,4892588017.0,997988589.0,271988090.0,2596092591.0,8963374277.0,8637166338.0,2596579660.0,326207939.0,54735951707.0,53736518723.0,428135400.0,0.0,44870859677.0,28458208282.0,16500000000.0,16412651395.0,10769341543.0,18828466307.0,0.0,43205986981.0,10360798265.0,28650436008.0,18929579742.0,2709076770.0,4664388742.0,1164551473.0,224753012.0,2014687724.0,8684358482.0,8391008391.0,2496725320.0,293350091.0,61584242081.0,61328126081.0,242516000.0,0.0,45459114417.0,24757164386.0,17557900000.0,20701950031.0,17169340032.0,24809486146.0,0.0,386.0,397.0,2,12,1
6,8,31,20020513.0,370.0,3,86227731973.0,21961377249.0,61519717053.0,39714189795.0,557312990.0,1248942580.0,748387649.0,899154422.0,1155853659.0,14662039230.0,13808608820.0,10398620.0,853430410.0,64060070910.0,63875805350.0,155000000.0,0.0,47525559216.0,35433264969.0,16092267082.0,12092294247.0,3107573700.0,31196550924.0,0.0,78557968311.0,21429209410.0,54159976792.0,35220203700.0,570061051.0,1269665772.0,850735569.0,289991680.0,1979185708.0,11719939068.0,11022942864.0,2825780.0,696996204.0,65121511922.0,64877246362.0,215000000.0,0.0,42367245001.0,25878792829.0,11979310283.0,16488452172.0,13811232841.0,34474205989.0,0.0,727.0,580.0,2,13,1
7,12,147,20070110.0,246.0,3,35709731765.0,4188686629.0,30001785786.0,18255735890.0,372357781.0,677858348.0,625185241.0,84562545.0,1129196238.0,7322581445.0,6897496733.0,158768021.0,425084712.0,22075205034.0,21151715645.0,305000000.0,0.0,24485924430.0,19153080163.0,11809416753.0,5332844267.0,3317219788.0,4911862049.0,294291557.0,29692963394.0,3727673679.0,24367610167.0,15551937480.0,333809040.0,1695891593.0,596904229.0,0.0,235596995.0,4344680646.0,3915392956.0,97018056.0,429287690.0,24604064302.0,23414266338.0,235000000.0,0.0,22754052022.0,8100283091.0,3139853466.0,14653768931.0,12266530317.0,6194692926.0,1577122434.0,377.0,346.0,2,20,1
8,7,95,20151209.0,148.0,5,2719142464.0,0.0,2067186286.0,900922930.0,177541556.0,116742065.0,104670415.0,0.0,712755669.0,2440569112.0,2416656943.0,1361958422.0,23912169.0,22312801690.0,16605491246.0,24690000.0,0.0,18527743437.0,12256879547.0,11706987877.0,6270863890.0,4977311280.0,6225627365.0,0.0,0.0,0.0,0.0,0.0,0.0,0.0,0.0,0.0,0.0,0.0,0.0,0.0,0.0,0.0,0.0,0.0,0.0,0.0,0.0,0.0,0.0,0.0,0.0,0.0,17.0,17.0,2,21,1
9,8,169,19851223.0,27.0,4,70340410791.0,15703609481.0,51774179537.0,32040054580.0,446597276.0,1730254303.0,1658762094.0,238518390.0,1340446356.0,9285804386.0,8766996223.0,13083630.0,518808163.0,56412209806.0,55132585663.0,940029255.0,0.0,57040737104.0,18867341663.0,10966044435.0,38173395441.0,23647710000.0,8657277088.0,7321694997.0,56091019850.0,12750399682.0,41355281669.0,26619996530.0,1604990993.0,2068379179.0,1941941841.0,0.0,1521950313.0,9677090984.0,9071466702.0,11432010.0,605624282.0,62560959004.0,60246819338.0,980529255.0,0.0,62419285026.0,15143328141.0,7749622618.0,47275956885.0,33318400000.0,9818764962.0,8483182871.0,532.0,409.0,2,23,1
10,8,169,20071109.0,-999.0,6,70340410791.0,15703609481.0,51774179537.0,32040054580.0,446597276.0,1730254303.0,1658762094.0,238518390.0,1340446356.0,9285804386.0,8766996223.0,13083630.0,518808163.0,56412209806.0,55132585663.0,940029255.0,0.0,57040737104.0,18867341663.0,10966044435.0,38173395441.0,23647710000.0,8657277088.0,7321694997.0,56091019850.0,12750399682.0,41355281669.0,26619996530.0,1604990993.0,2068379179.0,1941941841.0,0.0,1521950313.0,9677090984.0,9071466702.0,11432010.0,605624282.0,62560959004.0,60246819338.0,980529255.0,0.0,62419285026.0,15143328141.0,7749622618.0,47275956885.0,33318400000.0,9818764962.0,8483182871.0,532.0,409.0,2,24,1
11,13,91,20080404.0,183.0,4,9030641727.0,1925932740.0,7538562879.0,5698014783.0,109284954.0,541063584.0,163287381.0,0.0,-865632522.0,1709659328.0,1407379317.0,1012639927.0,302280011.0,9239931318.0,9214931318.0,21000000.0,0.0,14771180259.0,13006480259.0,10041612242.0,1764700000.0,1634700000.0,-3821589613.0,-8636717673.0,10042045272.0,2017184090.0,7871505349.0,5909383187.0,77602640.0,210451123.0,190696723.0,0.0,20507350.0,1755944994.0,1427059290.0,1059618701.0,328885704.0,9413528202.0,9390528202.0,19000000.0,0.0,14125430287.0,11485976051.0,7929080077.0,2639454236.0,2227082500.0,-2955957091.0,-7771085151.0,128.0,127.0,1,28,1
12,4,50,19820630.0,363.0,3,181000000000.0,49235683539.0,127000000000.0,82395611833.0,3057687703.0,6022483596.0,640952504.0,644745396.0,1183258914.0,27352849369.0,26894214963.0,21441826107.0,458634406.0,104000000000.0,102000000000.0,2335743450.0,0.0,95318613523.0,68916350701.0,10000000000.0,26402262822.0,294000000.0,36531619577.0,0.0,170000000000.0,44719034745.0,122000000000.0,78900698511.0,3789379534.0,5334702652.0,813426555.0,420245773.0,1592170924.0,26469057301.0,25560267788.0,18084349377.0,908789513.0,95184882567.0,92767139117.0,2367743450.0,0.0,86305579205.0,35265508986.0,0.0,51040070219.0,25000000000.0,35348360663.0,0.0,1637.0,1547.0,2,29,1
13,15,36,20080801.0,173.0,4,6637115540.0,0.0,7465698401.0,3715042090.0,230399498.0,1903198445.0,1779580634.0,0.0,-2501381808.0,0.0,0.0,0.0,0.0,0.0,0.0,0.0,0.0,0.0,0.0,0.0,0.0,0.0,0.0,0.0,7435991091.0,0.0,8509531708.0,3991394550.0,171080134.0,1652998533.0,1498246052.0,7460.0,-2555466476.0,0.0,0.0,0.0,0.0,0.0,0.0,0.0,0.0,0.0,0.0,0.0,0.0,0.0,0.0,0.0,-999.0,-999.0,2,30,1
14,0,63,20030102.0,363.0,3,170000000000.0,42064606476.0,109000000000.0,66634991840.0,3801171573.0,11496795211.0,285988609.0,2308489420.0,8558211319.0,38062406247.0,37228891295.0,0.0,833514952.0,37340888939.0,27085294836.0,6386363340.0,0.0,51120475551.0,33139036423.0,9314062586.0,17981439128.0,399980000.0,24282819635.0,17060885860.0,156000000000.0,39540787365.0,105000000000.0,62115136520.0,3403901891.0,7619548245.0,356641758.0,1005360330.0,6053922957.0,28574636058.0,27722362014.0,0.0,852274044.0,28997831163.0,21139061910.0,6301729600.0,0.0,41887732607.0,27476580733.0,3856641662.0,14411151874.0,6216570000.0,15684734614.0,8462800839.0,1816.0,1104.0,2,31,1
15,0,64,19950330.0,226.0,3,-999.0,-999.0,-999.0,-999.0,-999.0,-999.0,-999.0,-999.0,-999.0,-999.0,-999.0,-999.0,-999.0,-999.0,-999.0,-999.0,-999.0,-999.0,-999.0,-999.0,-999.0,-999.0,-999.0,-999.0,-999.0,-999.0,-999.0,-999.0,-999.0,-999.0,-999.0,-999.0,-999.0,-999.0,-999.0,-999.0,-999.0,-999.0,-999.0,-999.0,-999.0,-999.0,-999.0,-999.0,-999.0,-999.0,-999.0,-999.0,566.0,566.0,2,32,1
16,12,29,20080901.0,264.0,5,5367782548.0,288007908.0,5048359982.0,3134553741.0,24357385.0,263699825.0,235333228.0,0.0,-207927782.0,981030847.0,830128052.0,623743250.0,150902795.0,10638530803.0,10516902803.0,100000000.0,0.0,8878821061.0,8549774752.0,7875500000.0,329046309.0,0.0,2740740589.0,0.0,5435696872.0,241095164.0,4786823807.0,2964032674.0,55879968.0,463091351.0,135121398.0,0.0,566518.0,1776279063.0,1666858727.0,586269344.0,109420336.0,6669781360.0,6504825176.0,110331000.0,0.0,5485023978.0,5485023978.0,4824500000.0,0.0,0.0,2961036445.0,0.0,104.0,100.0,2,40,1
17,7,160,20070817.0,131.0,4,17040391156.0,1491678256.0,14924985775.0,8867072153.0,27419553.0,559698959.0,546941872.0,18181010.0,73266709.0,2708426104.0,2600347294.0,13034720.0,68778810.0,12915514097.0,12109278229.0,143451200.0,0.0,14496328560.0,9199872030.0,7853480746.0,5296456530.0,3500000000.0,1127611641.0,0.0,16002235597.0,2237264054.0,13135198125.0,8553639869.0,45697401.0,553952657.0,510557300.0,40003260.0,81514902.0,1761033241.0,1682018969.0,9000000.0,79014272.0,13669868783.0,12825144239.0,127161200.0,0.0,14376557092.0,9547870363.0,7946937214.0,4828686729.0,3500000000.0,1054344932.0,0.0,244.0,258.0,2,41,1
18,8,170,20000308.0,190.0,3,17372705323.0,0.0,16210934661.0,7198103374.0,45698760.0,537367939.0,434253849.0,59942018.0,610159465.0,3538511305.0,3213633282.0,66690762.0,324878023.0,30599083405.0,30514588405.0,84495000.0,0.0,23085740075.0,12053430075.0,7282434248.0,11032310000.0,10172310000.0,11051854635.0,5559083205.0,15786437574.0,0.0,14064253533.0,5857551182.0,14366022.0,301261461.0,270322351.0,135978310.0,1299310292.0,5069551007.0,4777747072.0,5000000.0,291803935.0,18503884435.0,18469037935.0,34846500.0,0.0,14248880272.0,7614880272.0,4571889226.0,6630000000.0,6100000000.0,9324555170.0,4441943205.0,187.0,165.0,1,43,1
19,10,142,20130208.0,0.0,1,114000000000.0,75405015604.0,33928218043.0,14218872279.0,2705724652.0,568031005.0,533463540.0,1000244220.0,5772890707.0,39035674003.0,38102063010.0,210364842.0,933610993.0,34408462067.0,26834571215.0,2983697377.0,0.0,43312642068.0,26889310068.0,6456323333.0,16423332000.0,16333332000.0,30131494002.0,29794611319.0,100000000000.0,66190334568.0,29991086756.0,12475628154.0,2298432270.0,437359327.0,311529212.0,785705260.0,5211998562.0,37993273059.0,36923291280.0,159990455.0,1069981779.0,18462056332.0,14490573404.0,2418737377.0,0.0,30517463197.0,26799663197.0,9000000000.0,3717800000.0,3627800000.0,25937866194.0,25617866194.0,431.0,412.0,2,46,1
20,3,40,19970228.0,154.0,4,13516957558.0,2469250576.0,10723923120.0,6759008058.0,27333859.0,190260103.0,185648368.0,0.0,160857618.0,2127027527.0,2010006633.0,1321744353.0,117020894.0,17296814256.0,17192707456.0,91058000.0,0.0,9176201949.0,9176201949.0,6149040062.0,0.0,0.0,10247639834.0,0.0,0.0,0.0,0.0,0.0,0.0,0.0,0.0,0.0,0.0,0.0,0.0,0.0,0.0,0.0,0.0,0.0,0.0,0.0,0.0,0.0,0.0,0.0,0.0,0.0,150.0,-999.0,0,48,0
21,15,87,19990708.0,16.0,1,16642093748.0,2291117783.0,14492497375.0,9366198552.0,619725293.0,212716684.0,146502812.0,218515435.0,46971764.0,2697854589.0,2503369546.0,1506304290.0,194485043.0,11411890818.0,10160896540.0,546078000.0,0.0,14109745407.0,7301730547.0,5055821980.0,6808014860.0,1665604660.0,0.0,0.0,15553369080.0,2076430111.0,12621964551.0,8924030248.0,114026059.0,228613353.0,123389703.0,150124208.0,590262916.0,2108702276.0,1921509778.0,1513056635.0,175423430.0,9624756649.0,8691815555.0,547078000.0,0.0,11733458925.0,6586241453.0,4651016631.0,5147217472.0,787799100.0,0.0,0.0,361.0,235.0,2,54,1
22,12,34,20060629.0,-999.0,4,3207566930.0,26568783.0,3242980986.0,1628327842.0,370387.0,0.0,0.0,0.0,-61612452.0,5021154737.0,4648822830.0,0.0,372331907.0,35966517012.0,34950096428.0,877111000.0,0.0,24367583508.0,9299760234.0,4579304677.0,15067823274.0,9630291360.0,16620088241.0,0.0,3493286770.0,92333940.0,4614432658.0,1871573913.0,3331.0,842694896.0,835709710.0,0.0,-2056171393.0,5548918205.0,5252864326.0,2651482168.0,296053879.0,35512534044.0,34370840460.0,935991000.0,0.0,24814213959.0,8077364409.0,0.0,16736849550.0,10281084209.0,16247238290.0,0.0,-999.0,-999.0,0,64,0
23,1,152,20160408.0,125.0,4,1966087246.0,0.0,3274224097.0,1874379606.0,32766946.0,226752100.0,177479944.0,0.0,-1502122005.0,4877642630.0,4591310361.0,180549803.0,286332269.0,14981392771.0,14948642771.0,32750000.0,0.0,16841701291.0,8095464266.0,4520939093.0,8746237025.0,8409713210.0,3017334110.0,-8600000000.0,600351257.0,53290712.0,1571064894.0,958722990.0,331645050.0,2627730.0,1766730.0,0.0,-694987029.0,244849392.0,205932422.0,0.0,38916970.0,14628191865.0,14584155115.0,21670000.0,0.0,10353585142.0,2203171223.0,985575770.0,8150413919.0,8009713210.0,4519456115.0,-8600000000.0,41.0,41.0,1,66,1
24,3,40,20000901.0,137.0,4,14160552030.0,0.0,13492398934.0,7324876474.0,168016259.0,433890026.0,415813473.0,0.0,402279329.0,4827228979.0,4642424432.0,3959316772.0,184804547.0,14401133295.0,13983788546.0,51674083.0,0.0,14593476393.0,7655710757.0,4417157896.0,6937765636.0,6271624202.0,4634885881.0,0.0,13120243794.0,0.0,12948536643.0,7094175850.0,254652613.0,412093968.0,408449730.0,0.0,14265796.0,4372326461.0,4215369132.0,3547014694.0,156957329.0,14052778516.0,13646548787.0,51674083.0,0.0,14192498425.0,7227835113.0,4518592257.0,6964663312.0,6275018100.0,4232606552.0,0.0,187.0,190.0,2,68,1
25,15,83,20051207.0,212.0,5,9041162635.0,401400515.0,7682105358.0,3990164600.0,53191709.0,592562318.0,120762318.0,75726874.0,342559279.0,2124049832.0,2089656944.0,1008417418.0,34392888.0,14211990071.0,10493596731.0,3623664050.0,0.0,8811895444.0,4540070406.0,4000000000.0,4271825038.0,0.0,7524144459.0,0.0,9223018840.0,471737331.0,7354982757.0,3816224486.0,91877352.0,821323039.0,116076986.0,127883167.0,538969898.0,1593779102.0,1565002835.0,793444049.0,28776267.0,14043973537.0,10325580197.0,3623664050.0,0.0,8456167459.0,4594204705.0,4000000000.0,3861962754.0,0.0,7181585180.0,0.0,110.0,112.0,2,76,1
26,1,162,19940411.0,349.0,3,57155206254.0,4645186.0,61175134872.0,27200710550.0,466136732.0,1054819373.0,1032999373.0,0.0,-4613256445.0,3626445967.0,3162131590.0,1134537082.0,464314377.0,51406607527.0,50534527267.0,822080260.0,0.0,52161133806.0,20479298014.0,3965356675.0,31681835792.0,25900000000.0,2871919688.0,4679894337.0,51834936360.0,1344866.0,51100469265.0,23155231435.0,671705474.0,1052563029.0,1037013029.0,0.0,352264674.0,5243617207.0,4938127716.0,1630241827.0,305489491.0,54315017386.0,53227848596.0,1037168790.0,0.0,46156509710.0,21432068809.0,4504155358.0,24724440901.0,23924440901.0,13402124883.0,4679894337.0,457.0,457.0,2,78,1
27,16,127,20140912.0,337.0,5,23123270197.0,0.0,21169901408.0,10774992360.0,7302719335.0,6270564491.0,1110955407.0,27376930.0,2958146703.0,8480220252.0,8387323285.0,7323609391.0,92896967.0,55253910669.0,53685908489.0,1451500000.0,0.0,27819349936.0,5165532803.0,3957283506.0,22653817133.0,16272556333.0,35914780985.0,0.0,30276580211.0,0.0,28095391638.0,14669120183.0,275357469.0,1692285396.0,1614460586.0,16752890.0,747507756.0,2203998505.0,2053815020.0,0.0,150183485.0,68809824843.0,67882547820.0,627500000.0,0.0,37990945836.0,3939689052.0,2284480382.0,34051256784.0,32046995984.0,33022877512.0,0.0,210.0,149.0,2,79,1
28,0,64,20061017.0,264.0,4,22687036399.0,1050964274.0,19418606986.0,12345720610.0,297368394.0,663350300.0,650857494.0,249487440.0,1601995793.0,3863651711.0,3827923325.0,1503155863.0,25741640.0,35757370803.0,34811770803.0,115000000.0,0.0,21640800085.0,6065857855.0,3850000000.0,15574942230.0,13252669142.0,17980222429.0,0.0,18991534978.0,957522929.0,16173316271.0,10745966560.0,144787844.0,1344677137.0,693756134.0,122546122.0,538260363.0,2907571417.0,2882613004.0,1440519031.0,24958413.0,35122935739.0,34182113281.0,179100000.0,0.0,21033704815.0,7477280096.0,4150000000.0,13556424719.0,13536424719.0,16996802341.0,0.0,344.0,280.0,2,80,1
29,3,46,19760409.0,230.0,3,26125512154.0,19904878062.0,5246306584.0,0.0,300973614.0,292631634.0,138887344.0,306610807.0,676058681.0,4797187647.0,4496783971.0,0.0,300403676.0,15361654966.0,15142473303.0,17927000.0,0.0,12932505433.0,9480942290.0,3600000000.0,3451563143.0,249140000.0,7226337180.0,5062881574.0,25106886220.0,19091326034.0,5370725088.0,0.0,241806141.0,203589664.0,162999638.0,61232160.0,621819415.0,4433666677.0,4163709581.0,0.0,269957096.0,15239162475.0,14987320772.0,33907000.0,0.0,10011702653.0,9687463170.0,3700000000.0,324239483.0,223320000.0,9661126499.0,7497670893.0,250.0,260.0,2,85,1
30,12,118,19971230.0,88.0,4,3426305580.0,453817360.0,2781678264.0,1666742310.0,477127577.0,519638437.0,160539629.0,25698840.0,122600256.0,5034437525.0,5031790152.0,184591490.0,2647373.0,3220670632.0,3175405717.0,2500000.0,0.0,5278504783.0,4691630383.0,3540358611.0,586874400.0,0.0,2976603374.0,0.0,4009625730.0,596277386.0,3159665369.0,1620635510.0,415241708.0,554689036.0,181628516.0,91251090.0,22984557.0,4955381080.0,4952522257.0,286224540.0,2858823.0,3371806928.0,3316973242.0,2500000.0,0.0,5401068870.0,4835727055.0,3577292938.0,565341815.0,0.0,2926119138.0,0.0,48.0,52.0,2,86,1
31,9,157,20080407.0,187.0,4,8761414651.0,1373086302.0,7506155273.0,4752253546.0,537533747.0,262143039.0,199831607.0,9872460.0,147691324.0,1145525082.0,1082579387.0,976782953.0,56327091.0,6939148257.0,6589188046.0,70000000.0,0.0,6973177184.0,5820444566.0,3487652670.0,1152732618.0,742732618.0,1111496155.0,0.0,8302045565.0,1325568437.0,6927927344.0,4508777900.0,403713077.0,265408973.0,210608973.0,0.0,186853888.0,1186910516.0,1119593441.0,930791978.0,57221918.0,7274576712.0,7021511402.0,30000000.0,0.0,7497682397.0,5703445683.0,3029546285.0,1794236714.0,1384236714.0,963804831.0,0.0,109.0,109.0,2,88,1
32,10,139,20001227.0,45.0,4,38159327290.0,4426206627.0,30564506767.0,16920919058.0,605924077.0,1323688460.0,194923903.0,741765380.0,1709084133.0,15128957208.0,14628997808.0,3146224714.0,499959400.0,20853134102.0,18570421102.0,1868530000.0,0.0,15073466536.0,7494602228.0,3405586548.0,7578864308.0,2133260000.0,20908624774.0,11729172334.0,36631428185.0,4371449253.0,30355929477.0,16486027083.0,907963345.0,818018408.0,157275505.0,421028000.0,1572966392.0,15248030464.0,14807681081.0,3903879492.0,440349383.0,21301511151.0,19900854151.0,1075830000.0,0.0,17350000974.0,10414628225.0,6009944904.0,6935372749.0,2400000000.0,19199540641.0,10020088201.0,292.0,292.0,2,90,1
33,1,130,19880803.0,72.0,5,14147342340.0,841074594.0,12395462307.0,5034945793.0,93066815.0,710418482.0,574838813.0,39882966.0,253570806.0,7650272130.0,7543431519.0,0.0,106840611.0,13806590454.0,13578014622.0,49770000.0,0.0,16510908459.0,5939480593.0,2779650340.0,10571427866.0,9547664597.0,4945954125.0,4747472890.0,13589695515.0,795007634.0,12082957368.0,4873212569.0,111933380.0,633325095.0,512992133.0,28006523.0,162332275.0,7220546761.0,7116533241.0,0.0,104013520.0,14100013489.0,13870414377.0,49770000.0,0.0,16628142791.0,5587529973.0,2790965652.0,11040612818.0,9196718811.0,4692417459.0,4747472890.0,121.0,121.0,2,102,1
34,8,92,20070115.0,213.0,5,5508370175.0,0.0,5126031648.0,1839841830.0,16410940.0,201196155.0,165572675.0,22839130.0,174714182.0,2021227032.0,2021227032.0,1501758712.0,0.0,5170774751.0,5096263750.0,74510001.0,0.0,3592347009.0,2990220649.0,2650000000.0,602126360.0,602126360.0,3599654774.0,0.0,5567875940.0,0.0,5210019420.0,1827642290.0,47387080.0,305906021.0,189720403.0,15087110.0,84250469.0,2279898038.0,2231281032.0,1537831863.0,48617006.0,5268175649.0,5193664648.0,74510001.0,0.0,4123133095.0,3164268636.0,2650000000.0,958864459.0,958864459.0,3424940592.0,0.0,83.0,85.0,2,103,1
35,0,67,20121030.0,191.0,5,5295972720.0,0.0,5065356356.0,3044554657.0,15379884.0,185653421.0,125737963.0,18990300.0,41352527.0,487931838.0,487931838.0,49914039.0,0.0,5854233945.0,5744108680.0,37837265.0,0.0,4739738327.0,3036475294.0,2434448491.0,1703263033.0,1440440000.0,1602427456.0,252392656.0,5236492630.0,0.0,4549670010.0,2686918190.0,15129037.0,480819257.0,250857332.0,5743390.0,215389010.0,900775098.0,900775098.0,164641379.0,0.0,5822083833.0,5743402243.0,30489590.0,0.0,5161784002.0,3189589506.0,2777256281.0,1972194496.0,1763340000.0,1561074929.0,211040129.0,100.0,100.0,2,111,1
36,16,127,20110901.0,172.0,5,9192504519.0,0.0,8555544520.0,4913559797.0,61214999.0,456201392.0,432210301.0,364060.0,241609546.0,1227436623.0,1186485950.0,0.0,40950673.0,18829561177.0,18032017487.0,83384800.0,0.0,13067442626.0,5622116224.0,2422929230.0,7445326402.0,7175326402.0,6989555174.0,4320806671.0,5842067150.0,0.0,5444479561.0,3259958911.0,10381452.0,176577654.0,144917304.0,17606680.0,213784707.0,535840853.0,521415481.0,0.0,14425372.0,12616852822.0,11871143997.0,6000000.0,0.0,10725554718.0,2956858657.0,304480000.0,7768696061.0,7568696061.0,2427138957.0,0.0,154.0,82.0,2,114,1
37,15,23,20070808.0,300.0,5,9577573802.0,568952436.0,8613352563.0,4231492903.0,20781846.0,221476668.0,215328672.0,32812509.0,161761472.0,1355692292.0,1355692292.0,0.0,0.0,6297330990.0,5716920256.0,500410734.0,0.0,5799514405.0,2914450800.0,2329468236.0,2885063605.0,2685063605.0,1853508877.0,0.0,5518800671.0,221780955.0,5021109762.0,2343115336.0,45762216.0,155873486.0,152257065.0,21936743.0,143861941.0,1109618512.0,1109618512.0,16418709.0,0.0,5764482916.0,5161642182.0,482840734.0,0.0,5182354023.0,3540354023.0,2791779808.0,1640000000.0,1440000000.0,1691747405.0,0.0,134.0,42.0,2,117,1
38,9,155,20091014.0,59.0,4,5686432796.0,1482965205.0,4394591085.0,2807741271.0,253267645.0,329876369.0,267962624.0,0.0,-267732218.0,3783597627.0,3429213043.0,0.0,18604771.0,4680791245.0,4663990245.0,6186000.0,0.0,8041976399.0,7228886399.0,2237607438.0,813090000.0,813090000.0,422412473.0,606276675.0,6109728570.0,1519820726.0,4510133891.0,2847467502.0,64365067.0,211098889.0,165680089.0,0.0,-66959869.0,3612326955.0,3252490509.0,0.0,24616233.0,4096636095.0,4079835095.0,6186000.0,0.0,6942768034.0,6074058933.0,1865973041.0,868709101.0,825090000.0,766195016.0,606276675.0,107.0,55.0,2,121,1
39,7,166,19880524.0,187.0,4,6034710275.0,510342913.0,5754978655.0,3508651496.0,489136760.0,91533170.0,79863795.0,26824720.0,140167577.0,1518516370.0,1508153860.0,1064929972.0,10362510.0,6422545392.0,6374719491.0,27680778.0,0.0,5859362264.0,3670893372.0,2203835331.0,2188468892.0,424169870.0,2081699498.0,1866629194.0,5821726521.0,503584973.0,5315478122.0,3342374913.0,295576844.0,125112785.0,70187592.0,0.0,173127485.0,1495228570.0,1483654387.0,975536503.0,11574183.0,4973323520.0,4946706426.0,5801800.0,0.0,5477950169.0,3604163596.0,1913456850.0,1873786573.0,424169870.0,990601921.0,915699194.0,89.0,95.0,2,122,1
40,13,144,20081210.0,-999.0,5,4647433010.0,232848337.0,4043633900.0,2588544084.0,12725732.0,331257399.0,111070415.0,33004720.0,19414386.0,1441307803.0,1372768532.0,61982650.0,68539271.0,2717679852.0,2576997468.0,131000000.0,0.0,3224861379.0,3034861379.0,2199439974.0,190000000.0,0.0,934126276.0,0.0,4665039048.0,179134263.0,3989086340.0,2465132086.0,4509152.0,144545318.0,137175146.0,0.0,356782279.0,0.0,0.0,0.0,0.0,0.0,0.0,0.0,0.0,0.0,0.0,0.0,0.0,0.0,0.0,0.0,86.0,96.0,2,123,0
41,8,135,20060724.0,30.0,5,5538313519.0,328968724.0,4874034541.0,3105105589.0,20307532.0,195315227.0,172200591.0,20507850.0,139794709.0,1177160080.0,1110883095.0,111850.0,66276985.0,7439114482.0,6396188023.0,194899800.0,0.0,5580803910.0,2880803910.0,2182827361.0,2700000000.0,2700000000.0,3035470652.0,2589398920.0,5474746096.0,342608939.0,4951126646.0,3176321818.0,27909165.0,180970368.0,166889815.0,5863537.0,22085771.0,1144109836.0,1080647018.0,4638421.0,63462818.0,7229949480.0,6248899576.0,204899800.0,0.0,5591157773.0,2891157773.0,2210227159.0,2700000000.0,2700000000.0,2782901543.0,2476624520.0,69.0,72.0,2,124,1
42,15,23,20130422.0,27.0,4,10345082140.0,1181645282.0,8476045091.0,4568218701.0,201630773.0,423474746.0,350820569.0,17680469.0,447867325.0,1431999314.0,1369249077.0,40458964.0,62750237.0,23725184089.0,17927624089.0,472560000.0,0.0,22540610569.0,9506511352.0,2170000000.0,13034099217.0,13000000000.0,2616572834.0,1208224077.0,9514124268.0,1137832851.0,8486506905.0,4042121927.0,20428873.0,242259270.0,238055040.0,0.0,-332045885.0,769216382.0,722885029.0,0.0,46331353.0,16690693861.0,11276539061.0,914154800.0,0.0,16531389905.0,5972059565.0,300000000.0,10559330340.0,9559330340.0,928520338.0,-479828419.0,93.0,85.0,2,126,1
43,13,15,19930101.0,258.0,3,25639691169.0,5901553819.0,19115372923.0,13272209862.0,1808588715.0,1729981126.0,135163208.0,248780324.0,452591692.0,7309653471.0,6894265566.0,20263580.0,415387905.0,9328353802.0,8957692102.0,0.0,0.0,12110719561.0,6298898757.0,2136120000.0,5811820804.0,2046971380.0,4527287712.0,42733952.0,23984631968.0,5614064722.0,17487118627.0,12084525447.0,1628933936.0,1718960655.0,163131100.0,141789035.0,651632865.0,4925047808.0,4485581806.0,20605900.0,439466002.0,10049858617.0,9562701750.0,0.0,0.0,10900210405.0,3709521694.0,0.0,7190688711.0,4857047850.0,4074696020.0,42733952.0,324.0,324.0,2,130,1
44,7,95,19820520.0,771.0,3,151000000000.0,116000000000.0,28031266701.0,0.0,5968872681.0,7739690147.0,338896259.0,1250765481.0,3267366816.0,43870284311.0,41979652806.0,149126450.0,1818617919.0,130000000000.0,117000000000.0,0.0,0.0,129000000000.0,43824720454.0,0.0,85286333620.0,6569774686.0,45131800848.0,0.0,149000000000.0,107000000000.0,29532488677.0,0.0,6445389817.0,12518423585.0,411169337.0,1304472425.0,5125978159.0,55591590517.0,53481868205.0,149800050.0,1627064008.0,125000000000.0,113000000000.0,0.0,0.0,131000000000.0,52414267533.0,3100000000.0,78556538604.0,6904708289.0,49244922328.0,50397400.0,1065.0,1065.0,2,131,1
45,7,95,20110901.0,436.0,5,28451303325.0,3389250535.0,21370553128.0,12391550323.0,369872656.0,3417126941.0,325291121.0,142942080.0,501303297.0,8151941565.0,7636456006.0,3739408170.0,118373350.0,12054598926.0,11380718806.0,465263000.0,0.0,15118934706.0,4804783489.0,2011662588.0,10314151217.0,6650000000.0,5087605785.0,3000000.0,27643745209.0,3577946473.0,19404743277.0,11263916853.0,439887242.0,4440497613.0,257747107.0,0.0,660445088.0,17084304271.0,16623056995.0,9100730.0,155231439.0,12142277804.0,11494497684.0,462263000.0,0.0,24405955103.0,13069648508.0,1552671540.0,11336306595.0,7580000000.0,4820626972.0,3000000.0,340.0,340.0,2,133,1
46,8,177,20090218.0,124.0,5,2450769531.0,0.0,2876548785.0,1498503970.0,43607243.0,155829971.0,126410063.0,8690710.0,-546692692.0,332178274.0,332178274.0,226087041.0,0.0,3181673573.0,3133003139.0,48670434.0,0.0,2984724327.0,2218589963.0,1732666672.0,766134364.0,571698404.0,529127520.0,0.0,3022284378.0,0.0,2862966305.0,1594210753.0,24843434.0,136668239.0,114865580.0,0.0,47493268.0,554787737.0,537718102.0,235096198.0,0.0,2857352809.0,2807762809.0,49590000.0,0.0,2336320334.0,2336320334.0,1971063270.0,0.0,0.0,1075820212.0,0.0,55.0,42.0,2,142,1
47,0,63,20141106.0,19.0,4,1513373099.0,60714399.0,1304054757.0,663927317.0,325438.0,61895412.0,61895412.0,11839743.0,75194226.0,1379951518.0,1378706518.0,166483930.0,1245000.0,3903085886.0,3855759931.0,37325955.0,0.0,2174968345.0,1754968345.0,1680000000.0,420000000.0,400000000.0,3108069059.0,0.0,1569706145.0,60008281.0,1440521508.0,765710516.0,231934.0,52938716.0,52938716.0,3854100.0,12615474.0,93086688.0,91628688.0,70753710.0,1458000.0,2021050319.0,1636522804.0,34527515.0,0.0,1391662174.0,1371662174.0,1246228260.0,20000000.0,0.0,722474833.0,0.0,22.0,24.0,2,146,1
48,7,8,20111006.0,504.0,5,13357679440.0,0.0,16799784295.0,8026043617.0,468050376.0,2631058618.0,857732836.0,129338020.0,-5734451117.0,1108616609.0,1059984550.0,962620719.0,48632059.0,26969777623.0,21384029407.0,0.0,0.0,26772268516.0,3528203294.0,1610640296.0,23244065222.0,19802937079.0,1306125716.0,0.0,0.0,0.0,0.0,0.0,0.0,0.0,0.0,0.0,0.0,0.0,0.0,0.0,0.0,0.0,0.0,0.0,0.0,0.0,0.0,0.0,0.0,0.0,0.0,0.0,300.0,300.0,1,151,1
49,0,62,20081226.0,233.0,5,9487946122.0,555132769.0,8557015614.0,5007316270.0,98625858.0,316874430.0,274024174.0,11168410.0,146380757.0,3918498489.0,3677366419.0,0.0,241132070.0,5370153410.0,5209464059.0,40544000.0,0.0,7323355630.0,2725605630.0,1436209156.0,4597750000.0,4597750000.0,1965296269.0,0.0,8201739563.0,446431307.0,7499594703.0,4726476790.0,123227493.0,264563949.0,228130872.0,0.0,114377097.0,3213428194.0,2998618564.0,0.0,214809630.0,5232922175.0,5054891967.0,37544000.0,0.0,6567787250.0,1441659454.0,365485828.0,5126127796.0,5126127796.0,1878563119.0,1878563119.0,120.0,120.0,2,157,1
50,15,151,19830822.0,97.0,3,28413393487.0,6604164505.0,23169610594.0,12943190560.0,1502655701.0,574124851.0,330617662.0,0.0,-431850762.0,2815647145.0,2639756035.0,1235600.0,175891110.0,35251516850.0,32040544629.0,505577910.0,0.0,16947542453.0,3851662590.0,1409830375.0,13095879863.0,8656966991.0,21119621542.0,2326609979.0,26299687235.0,6372028925.0,19870692881.0,11100926465.0,313335585.0,449727508.0,306630164.0,0.0,-79426494.0,3680600323.0,3523650429.0,1171200.0,156949894.0,37449198076.0,34154768962.0,505577910.0,0.0,16230295876.0,9612253261.0,6816063352.0,6618042615.0,3816112855.0,24899502523.0,5536798250.0,260.0,240.0,2,158,1
51,0,65,20060929.0,153.0,4,12536077371.0,1920367762.0,9822143905.0,5708620440.0,42878384.0,504859576.0,338262936.0,44361530.0,287222982.0,4265551738.0,3753160589.0,2904435047.0,512391149.0,10394553904.0,9262954747.0,975000000.0,0.0,9881204947.0,2682794416.0,1398422423.0,7198410531.0,6297392240.0,4778900695.0,292262440.0,13523488923.0,2282919723.0,10143432878.0,5026205723.0,29047030.0,794036142.0,389748762.0,26025480.0,306121730.0,3839953306.0,3314012644.0,2349821830.0,525940662.0,11812381309.0,9872393665.0,1816383241.0,0.0,11160656902.0,3543449240.0,1209129813.0,7617207662.0,6687207662.0,4491677713.0,292262440.0,143.0,143.0,2,161,1
52,12,136,20050321.0,440.0,5,2179020670.0,312206615.0,1507567008.0,907395730.0,33436412.0,208281214.0,18920952.0,0.0,184402245.0,3535249679.0,3432644103.0,3132667033.0,102605576.0,16681779738.0,16651052086.0,0.0,0.0,12496838310.0,5800803717.0,1309874205.0,6696034593.0,4089146674.0,7720191107.0,7720191107.0,0.0,0.0,0.0,0.0,0.0,0.0,0.0,0.0,0.0,0.0,0.0,0.0,0.0,0.0,0.0,0.0,0.0,0.0,0.0,0.0,0.0,0.0,0.0,0.0,-999.0,-999.0,0,165,1
53,2,37,20081223.0,190.0,5,5269186263.0,0.0,4889597273.0,3058749440.0,125279351.0,307512767.0,47662169.0,19632540.0,177723034.0,1518706555.0,1488700019.0,575044380.0,30006536.0,4327816379.0,4261821379.0,65993000.0,0.0,3513027902.0,1836245656.0,1260000000.0,1676782246.0,210000000.0,2333495032.0,0.0,5246256882.0,0.0,4906045523.0,3079006460.0,69867318.0,223908693.0,48000871.0,21287824.0,164882160.0,1088715167.0,1055988052.0,573882930.0,32727115.0,4254326334.0,4181746334.0,72578000.0,0.0,3187269503.0,1768190444.0,1260000000.0,1419079059.0,210000000.0,2155771998.0,0.0,78.0,79.0,2,167,1
54,0,72,19990504.0,30.0,5,6105254890.0,431327530.0,5532193576.0,2887498290.0,125459287.0,63947119.0,39591560.0,10054700.0,193191252.0,2203799587.0,2165988198.0,967124532.0,37811389.0,6072504272.0,4602812365.0,1940000.0,0.0,4333805732.0,2291389188.0,1143953797.0,2042416544.0,1557012399.0,3942498127.0,0.0,5982035160.0,418506587.0,5353317250.0,2740040770.0,54847081.0,81574582.0,52288328.0,10860900.0,172622922.0,2618088744.0,2586387846.0,1138331162.0,31700898.0,6234912476.0,4711454928.0,1940000.0,0.0,5103694345.0,2752799342.0,1678996517.0,2350895003.0,1859490858.0,3749306875.0,0.0,81.0,78.0,2,172,1
55,7,8,20061108.0,69.0,5,1891353950.0,132098966.0,1512855813.0,1033624731.0,1557636.0,0.0,52591629.0,0.0,247956807.0,1860214289.0,1820214289.0,698952548.0,40000000.0,1621186268.0,1447007897.0,6000000.0,0.0,1711471492.0,1289671492.0,1106184218.0,421800000.0,251800000.0,1769929065.0,1100340995.0,1871788470.0,148056559.0,1470789422.0,1008101382.0,0.0,0.0,57761384.0,0.0,252942489.0,1603945444.0,1582245444.0,552219838.0,21700000.0,1483617236.0,1479617236.0,4000000.0,0.0,1571676305.0,299100853.0,40152066.0,1272575452.0,1017575452.0,1515886375.0,846298305.0,46.0,42.0,2,174,1
56,12,26,20121218.0,539.0,5,-999.0,-999.0,-999.0,-999.0,-999.0,-999.0,-999.0,-999.0,-999.0,-999.0,-999.0,-999.0,-999.0,-999.0,-999.0,-999.0,-999.0,-999.0,-999.0,-999.0,-999.0,-999.0,-999.0,-999.0,-999.0,-999.0,-999.0,-999.0,-999.0,-999.0,-999.0,-999.0,-999.0,-999.0,-999.0,-999.0,-999.0,-999.0,-999.0,-999.0,-999.0,-999.0,-999.0,-999.0,-999.0,-999.0,-999.0,-999.0,250.0,200.0,2,181,1
57,7,166,20051201.0,14.0,4,4497414065.0,401527502.0,4339151908.0,2591686925.0,48701845.0,83655518.0,82117242.0,0.0,-278219018.0,994291198.0,932131491.0,89698740.0,62159707.0,4917120193.0,4236533525.0,484782770.0,325392770.0,3088460514.0,1474825813.0,983040281.0,1613634701.0,1570000000.0,2822950877.0,0.0,4306124600.0,396492714.0,3850972055.0,2418745636.0,49915330.0,76561767.0,69922158.0,0.0,32013394.0,1060060110.0,995291559.0,38819796.0,64768551.0,4450660746.0,4077097715.0,159390000.0,0.0,2373337098.0,561250951.0,155462065.0,1812086147.0,1760000000.0,3137383758.0,0.0,74.0,74.0,2,184,1
58,9,32,20120120.0,78.0,4,7319085415.0,686857007.0,6112708036.0,3554808728.0,23579577.0,231519005.0,200698849.0,19271020.0,292309924.0,2932262244.0,2710830383.0,1783637109.0,168850399.0,9161452278.0,8510009278.0,651443000.0,0.0,8190233966.0,4128549070.0,982603292.0,4061684896.0,4000000000.0,3903480556.0,1677675280.0,0.0,0.0,0.0,0.0,0.0,0.0,0.0,0.0,0.0,0.0,0.0,0.0,0.0,0.0,0.0,0.0,0.0,0.0,0.0,0.0,0.0,0.0,0.0,0.0,83.0,49.0,2,185,1
59,9,155,20131202.0,195.0,5,10524193814.0,589088638.0,8964162472.0,5322929364.0,16706602.0,169124234.0,35928710.0,159784500.0,658740572.0,1467529200.0,1425664648.0,1180876150.0,41864552.0,8094746852.0,7484914041.0,125060000.0,0.0,1779919483.0,1779919483.0,976887439.0,0.0,0.0,7782356569.0,0.0,10232366395.0,648485994.0,8774831978.0,5157220968.0,25185861.0,158536573.0,65777073.0,130908473.0,544789238.0,1558450293.0,1505507137.0,1193859645.0,52943156.0,7902691464.0,7575085742.0,120060000.0,0.0,2337525760.0,2337525760.0,1493389328.0,0.0,0.0,7123615997.0,0.0,155.0,150.0,2,186,1
60,7,172,20150611.0,366.0,5,6171100298.0,0.0,5716501623.0,3745476667.0,70949307.0,308332230.0,251599824.0,16673720.0,200542032.0,1293028427.0,1171053048.0,5991600.0,121975379.0,8492301777.0,8485601777.0,6700000.0,0.0,5501010634.0,1851010634.0,846841870.0,3650000000.0,3600000000.0,4284319570.0,0.0,6064186938.0,0.0,5530854204.0,3409747086.0,84641920.0,336884312.0,262213278.0,0.0,281090342.0,0.0,0.0,0.0,0.0,0.0,0.0,0.0,0.0,0.0,0.0,0.0,0.0,0.0,0.0,0.0,130.0,125.0,2,188,1
61,12,26,20030102.0,102.0,4,8533038702.0,0.0,8146717236.0,4205604566.0,202143903.0,95288306.0,73710155.0,17661630.0,475515433.0,2985780753.0,2985780753.0,26227110.0,0.0,5144416664.0,5108334664.0,33000000.0,0.0,4866876905.0,3159366905.0,769655898.0,1707510000.0,1692510000.0,3263320512.0,1953871319.0,9152147833.0,0.0,9090866906.0,4439691808.0,126944094.0,101948849.0,78415419.0,14640110.0,71636062.0,2832860284.0,2832860284.0,17611360.0,0.0,5726295212.0,5699847212.0,18000000.0,0.0,5373627496.0,3293867496.0,787566049.0,2079760000.0,2064760000.0,3185528000.0,1876078807.0,100.0,108.0,2,193,1
62,13,53,20100914.0,200.0,5,5466315740.0,358671641.0,4951304192.0,3163232743.0,34097581.0,151839082.0,150785906.0,5122530.0,33475876.0,2073194234.0,2055508234.0,1644869096.0,17686000.0,7404500527.0,7350561127.0,53939400.0,0.0,4795641082.0,972307739.0,694868913.0,3823333343.0,3818333343.0,4682053679.0,0.0,5393165780.0,370173357.0,4834826674.0,3142147298.0,5323817.0,154145273.0,154143327.0,4782498.0,34561795.0,1791906802.0,1776217284.0,1390798886.0,15689518.0,7621517232.0,7582712832.0,38804400.0,0.0,4764846231.0,246512892.0,0.0,4518333339.0,4518333339.0,4648577803.0,0.0,122.0,117.0,2,198,1
63,12,118,20150828.0,70.0,4,3245709950.0,160142250.0,2867317207.0,1776471340.0,10987424.0,150001590.0,55535304.0,10265990.0,68970337.0,1410760452.0,1403634852.0,675800350.0,7125600.0,5375975915.0,4718575915.0,8700000.0,0.0,1898029078.0,866850772.0,678453741.0,1031178306.0,925000000.0,4888707289.0,184720689.0,3068540360.0,159370654.0,2664095879.0,1681906750.0,4666842.0,157086452.0,27932236.0,10191630.0,82462587.0,1636197308.0,1631184988.0,580508697.0,5012320.0,4863436135.0,4854736135.0,8700000.0,0.0,1679896491.0,706323861.0,472323670.0,973572630.0,946630650.0,4819736952.0,115750352.0,59.0,59.0,1,199,1
64,0,59,20051014.0,380.0,5,12173545279.0,1970002262.0,10221389175.0,6587918970.0,371459225.0,0.0,79841837.0,0.0,353613067.0,2098126492.0,2034934281.0,0.0,63192211.0,11891171971.0,11802518603.0,0.0,0.0,7114841809.0,3542841809.0,644178740.0,3570000000.0,3520000000.0,6874456654.0,4481734544.0,12518425573.0,1877285022.0,10171954927.0,7137567966.0,71332674.0,0.0,85209015.0,0.0,540518298.0,2342978310.0,2284349803.0,1816869230.0,58628507.0,8172677671.0,8057525463.0,33030000.0,0.0,3876248727.0,2076248727.0,715569434.0,1800000000.0,1750000000.0,6639407254.0,4246685144.0,180.0,191.0,2,201,1
65,2,159,19960501.0,339.0,3,104000000000.0,0.0,94226597063.0,43238410582.0,1479857324.0,446351445.0,1756566632.0,526550.0,11208159317.0,13440200761.0,12593375096.0,0.0,846825665.0,96213232246.0,93033622106.0,1587725200.0,0.0,60219395238.0,31164070906.0,594639593.0,29055324332.0,26425324332.0,49434037769.0,34114713245.0,93764300798.0,0.0,83806490587.0,36705843609.0,1585419415.0,234265926.0,2146278116.0,5427311.0,11303536389.0,14463950846.0,13697922151.0,22559027.0,766028695.0,86037826922.0,84002655366.0,919961600.0,0.0,60040369823.0,21507491847.0,0.0,38532877976.0,36202877976.0,40461407945.0,25142083421.0,855.0,855.0,2,206,1
66,14,85,20121005.0,12.0,5,2224269820.0,91157130.0,1698291851.0,1054540818.0,38681379.0,310806951.0,129137469.0,0.0,162695267.0,1186505123.0,1185230063.0,221908000.0,1275060.0,4809728708.0,4779939907.0,1038800.0,0.0,2750474719.0,799082574.0,589911856.0,1951392145.0,1788696878.0,3245759112.0,473261085.0,2220419230.0,94995118.0,1644441333.0,1001776160.0,45688989.0,139679262.0,135971407.0,0.0,386992506.0,982059629.0,982059629.0,367077703.0,0.0,4849971523.0,4799182722.0,1038800.0,0.0,2748967307.0,971800629.0,574699732.0,1777166678.0,1777166678.0,3083063845.0,310565818.0,30.0,30.0,2,207,1
67,0,65,20140313.0,194.0,5,4524274168.0,211230886.0,3845286816.0,2559498645.0,325453063.0,535736388.0,280394898.0,0.0,257473141.0,1319372290.0,1283368928.0,0.0,36003362.0,9208506877.0,8890706877.0,216000000.0,0.0,5326224311.0,899756670.0,521573206.0,4426467641.0,4416467641.0,5201654856.0,201334689.0,3908684705.0,185178140.0,3252379687.0,2070509167.0,4533293.0,301840760.0,301840760.0,0.0,173819411.0,908523126.0,859298566.0,0.0,49224560.0,8824019898.0,8724019898.0,0.0,0.0,4450282269.0,551367682.0,0.0,3898914587.0,3588914587.0,5282260755.0,120728790.0,96.0,96.0,1,210,1
68,7,25,20150112.0,157.0,5,750304870.0,0.0,1062477771.0,675886873.0,35947690.0,0.0,38580282.0,0.0,-276225211.0,15323809.0,15323809.0,0.0,0.0,5265359079.0,5244747745.0,0.0,0.0,2886402201.0,506402201.0,484971986.0,2380000000.0,2380000000.0,2394280687.0,0.0,0.0,0.0,0.0,0.0,0.0,0.0,0.0,0.0,0.0,0.0,0.0,0.0,0.0,0.0,0.0,0.0,0.0,0.0,0.0,0.0,0.0,0.0,0.0,0.0,75.0,37.0,2,212,1
69,2,161,20060927.0,86.0,5,2660439974.0,108424820.0,2341221123.0,1297379150.0,4218650.0,145312222.0,101292812.0,7722622.0,61977837.0,424463729.0,415144674.0,390348530.0,9319055.0,5196642933.0,5187865933.0,0.0,0.0,3716129382.0,756129382.0,480000000.0,2960000000.0,2660000000.0,1904977280.0,0.0,2483036203.0,138349179.0,2179920229.0,1289385220.0,25333401.0,115711086.0,94229412.0,7602186.0,66786924.0,393832959.0,385686389.0,352543690.0,8146570.0,5246422477.0,5244622477.0,0.0,0.0,3797255993.0,837255993.0,611500000.0,2960000000.0,2660000000.0,1842999443.0,0.0,44.0,42.0,2,213,1
70,8,134,19960716.0,187.0,3,19834386153.0,4893623803.0,14452425786.0,8256016434.0,104930679.0,451472082.0,338427728.0,0.0,141795161.0,5187225593.0,4995361339.0,45003964.0,191864254.0,12720736151.0,11698736151.0,1020000000.0,0.0,14753789682.0,5621153461.0,430000000.0,9132636221.0,6340000000.0,3154172062.0,0.0,20155442617.0,4888930043.0,15115183121.0,7787680140.0,176513086.0,613210247.0,342537848.0,0.0,-285367708.0,3960377524.0,3671779627.0,54355826.0,288597897.0,13176873919.0,12154873919.0,1020000000.0,0.0,14124874542.0,11655984240.0,440000000.0,2468890302.0,0.0,3012376901.0,0.0,203.0,188.0,2,219,1
71,7,171,20170531.0,118.0,5,694519920.0,0.0,1063064004.0,535306585.0,3086205.0,26071042.0,20771042.0,0.0,-391528921.0,324186739.0,324186739.0,4279100.0,0.0,5820609193.0,5774177690.0,25000000.0,0.0,1427069711.0,577069711.0,418500000.0,850000000.0,850000000.0,4717726221.0,0.0,0.0,0.0,0.0,0.0,0.0,0.0,0.0,0.0,0.0,0.0,0.0,0.0,0.0,0.0,0.0,0.0,0.0,0.0,0.0,0.0,0.0,0.0,0.0,0.0,44.0,0.0,2,220,1
72,7,173,20170531.0,100.0,5,694519920.0,0.0,1063064004.0,535306585.0,3086205.0,26071042.0,20771042.0,0.0,-391528921.0,324186739.0,324186739.0,4279100.0,0.0,5820609193.0,5774177690.0,25000000.0,0.0,1427069711.0,577069711.0,418500000.0,850000000.0,850000000.0,4717726221.0,0.0,0.0,0.0,0.0,0.0,0.0,0.0,0.0,0.0,0.0,0.0,0.0,0.0,0.0,0.0,0.0,0.0,0.0,0.0,0.0,0.0,0.0,0.0,0.0,0.0,44.0,0.0,2,221,1
73,7,10,19880906.0,66.0,4,4771337341.0,0.0,4924738889.0,2462769330.0,291375545.0,71670228.0,38559679.0,7189960.0,59113809.0,1043066605.0,1004572855.0,2200000.0,38493750.0,2892058815.0,2866418551.0,12572370.0,0.0,1672383491.0,1112383491.0,413102855.0,560000000.0,530000000.0,2262741929.0,1173386229.0,4804469841.0,0.0,4904652364.0,2359578170.0,274130653.0,105251463.0,38638823.0,4675460.0,64021207.0,993990042.0,953416045.0,1870000.0,40573997.0,2932134941.0,2909520377.0,12572370.0,0.0,1722496863.0,1162496863.0,443120633.0,560000000.0,530000000.0,2203628120.0,1114272420.0,70.0,70.0,2,222,1
74,8,105,20050509.0,136.0,5,3000046696.0,0.0,2754925676.0,1265778000.0,5973741.0,51423540.0,0.0,0.0,199671221.0,869968985.0,849604240.0,318068336.0,20364745.0,6435496022.0,6426932242.0,1420000.0,0.0,4363618245.0,714710929.0,411225464.0,3648907316.0,3648907316.0,2941846762.0,865697762.0,2968797323.0,0.0,2696356917.0,1243802800.0,1457089.0,40224701.0,0.0,0.0,233672794.0,960053560.0,936612197.0,266128951.0,23441363.0,6611271293.0,6602707513.0,1420000.0,0.0,4811585980.0,662678664.0,406384134.0,4148907316.0,4148907316.0,2759738873.0,683589873.0,46.0,46.0,2,223,1
75,9,6,19950706.0,94.0,4,12085310681.0,2345063451.0,9760131179.0,7079759390.0,242088411.0,203329445.0,90497092.0,11100720.0,7774297.0,1734400213.0,1516043474.0,0.0,218356739.0,7376729350.0,7286282550.0,76847700.0,0.0,6824774620.0,3389551948.0,400000000.0,3435222672.0,2901840000.0,2286354943.0,678344943.0,11846091594.0,2429975359.0,9622741495.0,6504509540.0,406754142.0,91509817.0,75129638.0,1677640.0,106941425.0,1800743570.0,1627477413.0,0.0,173266157.0,4997017048.0,4890870248.0,92547700.0,0.0,4519179972.0,3056049569.0,400000000.0,1463130403.0,1440000000.0,2278580646.0,670570646.0,129.0,134.0,2,224,1
76,16,125,20130206.0,158.0,5,3681334746.0,133015779.0,3242305534.0,2194824005.0,22069415.0,100193419.0,87882913.0,0.0,227889429.0,599086960.0,583759030.0,448292438.0,15327930.0,4236694917.0,4087644917.0,78000000.0,0.0,2468529327.0,704789327.0,395979228.0,1763740000.0,1763740000.0,2367252550.0,2367252550.0,3328436370.0,138979292.0,2914251855.0,1935912090.0,13805382.0,130420213.0,108509604.0,5880.0,158584512.0,541522306.0,520759156.0,478034618.0,20763150.0,4227462858.0,4190012858.0,25000000.0,0.0,2629622043.0,888522043.0,493066342.0,1741100000.0,1741100000.0,2139363121.0,2139363121.0,67.0,72.0,2,225,1
77,13,175,19940708.0,94.0,4,8239625684.0,0.0,8036474713.0,4123918393.0,150609512.0,193347260.0,70671187.0,0.0,160413223.0,1697234103.0,1420532041.0,0.0,276702062.0,5085966405.0,5010966405.0,0.0,0.0,4890939863.0,1942711449.0,348465880.0,2948228414.0,2659253347.0,1892260645.0,708128559.0,7502611670.0,0.0,7046692343.0,3718354570.0,73658841.0,339582989.0,65744261.0,0.0,189995179.0,1886891629.0,1610327817.0,0.0,276563812.0,3693095018.0,3488095018.0,0.0,0.0,3848139225.0,1434744760.0,178006844.0,2413394465.0,2180773343.0,1731847422.0,547715336.0,85.0,82.0,2,228,1
78,9,32,19881017.0,-999.0,4,4865825740.0,328640850.0,4518515829.0,2568101150.0,1229857877.0,104728234.0,97558065.0,267479720.0,876318984.0,2942061014.0,2877547033.0,2169813428.0,64513981.0,12195187340.0,8488389288.0,240591100.0,0.0,9214354576.0,1571474906.0,336000000.0,7642879670.0,6959950000.0,5922893778.0,5137126809.0,3392320796.0,163792532.0,3588482068.0,1903150120.0,2312835253.0,135881429.0,110239750.0,786380800.0,1030619220.0,6352407895.0,6352407895.0,1458412966.0,0.0,7581883829.0,3710553341.0,224000000.0,0.0,8110172225.0,7790172225.0,4367571146.0,320000000.0,320000000.0,5824119499.0,4260807825.0,130.0,65.0,1,229,0
79,7,95,20150204.0,199.0,5,5805245841.0,243550386.0,4925257460.0,2523585346.0,152447.0,214691663.0,213691655.0,630830.0,421267949.0,1693862158.0,1671187318.0,822884401.0,22674840.0,4658748735.0,4543418735.0,115330000.0,0.0,4497231732.0,615904137.0,224233639.0,3881327595.0,3559911533.0,1855379161.0,0.0,4522626112.0,143501864.0,4192388162.0,2346052429.0,23890648.0,207851147.0,200822939.0,0.0,2775587.0,969799581.0,891785251.0,461822161.0,78014330.0,5011471778.0,4904141778.0,107330000.0,0.0,4547160147.0,391415567.0,30000000.0,4155744580.0,3783572524.0,1434111212.0,0.0,85.0,87.0,2,239,1
80,8,74,20101223.0,401.0,5,28820808148.0,0.0,26262553096.0,10518017983.0,443301084.0,3409880347.0,386802520.0,431865950.0,-840190161.0,7352046531.0,7033324887.0,3827988535.0,318721644.0,19947228847.0,18671227573.0,348033000.0,0.0,26398483399.0,3018332657.0,200000000.0,23380150742.0,11116070104.0,900791979.0,-370273021.0,25484317520.0,0.0,22705095106.0,9323253296.0,309206518.0,2558473304.0,397114765.0,313899410.0,216056218.0,6220723923.0,5747138461.0,3859469840.0,473585462.0,20157079600.0,19029608346.0,287583000.0,0.0,24433486803.0,4548859997.0,1500000000.0,19884626806.0,10793629760.0,1944316720.0,673251720.0,236.0,236.0,2,241,1
81,7,8,20090219.0,131.0,5,3860050960.0,0.0,3539982016.0,2197332420.0,6570732.0,0.0,230149040.0,0.0,326639676.0,756919013.0,754920511.0,311004163.0,1998502.0,4016346785.0,3534112212.0,118980000.0,0.0,2259381263.0,534412693.0,0.0,1724968570.0,1530000000.0,2513884535.0,780812935.0,3909984700.0,0.0,3578814532.0,2217091020.0,14948087.0,0.0,193648696.0,0.0,346118255.0,669407237.0,667804052.0,342240979.0,1603185.0,3817646784.0,3520293116.0,118980000.0,0.0,2060465872.0,484727423.0,0.0,1575738449.0,1530000000.0,2426588149.0,693516549.0,29.0,75.0,2,243,1
82,13,145,19880801.0,191.0,3,10101810572.0,1776294760.0,8380210191.0,5336221850.0,151833893.0,85878960.0,51307456.0,0.0,11260554.0,820736077.0,658004747.0,617186245.0,162731330.0,8403699154.0,8304177856.0,99521298.0,0.0,2927022682.0,1169385412.0,168399093.0,1757637270.0,1657637270.0,6297412549.0,9530310.0,4037812915.0,867763748.0,3180942702.0,2135181720.0,27962463.0,43698653.0,20833653.0,0.0,-26629725.0,990725968.0,828429400.0,719125047.0,162281948.0,8562469697.0,8529295931.0,33173766.0,0.0,2955340250.0,1137545570.0,332417093.0,1817794680.0,1717794680.0,6597855415.0,9530310.0,116.0,-999.0,0,246,1
83,1,152,20150124.0,60.0,4,2326749862.0,399970836.0,3083860292.0,1370629246.0,3559844.0,279595429.0,228185308.0,4450440.0,-1437567291.0,1320624539.0,1277669038.0,314922197.0,42955501.0,9535549990.0,9533549990.0,2000000.0,0.0,6676343772.0,1027132940.0,125593130.0,5649210832.0,4193665337.0,4179830757.0,0.0,403125080.0,0.0,344057772.0,186346220.0,1548.0,22238708.0,22238708.0,0.0,36830148.0,280574916.0,233574916.0,208068558.0,47000000.0,8917908900.0,8917908900.0,0.0,0.0,3581085768.0,481085768.0,117947275.0,3100000000.0,3100000000.0,5617398048.0,0.0,37.0,-999.0,0,254,0
84,0,72,20111222.0,-999.0,5,872179110.0,48990716.0,769474379.0,517556621.0,6334.0,34885965.0,13166111.0,1820440.0,17013944.0,351747486.0,347849276.0,309003617.0,3014500.0,1099506237.0,1099506237.0,0.0,0.0,858702607.0,186721097.0,34770000.0,671981510.0,633981510.0,592551116.0,0.0,958370064.0,36826451.0,827022361.0,492766325.0,3960.0,41835966.0,18437526.0,0.0,52689246.0,268532610.0,265281130.0,222813856.0,3251480.0,1135020467.0,1135020467.0,0.0,0.0,828015905.0,486380953.0,353900000.0,341634952.0,316749910.0,575537172.0,0.0,25.0,26.0,1,258,0
85,16,124,20131128.0,120.0,4,3873943058.0,195181603.0,4801948310.0,2764029567.0,572382.0,233284074.0,192580428.0,0.0,-1355898547.0,0.0,0.0,0.0,0.0,0.0,0.0,0.0,0.0,0.0,0.0,0.0,0.0,0.0,0.0,0.0,40941040.0,0.0,525424188.0,370249300.0,311229.0,15952000.0,11952000.0,0.0,-500123919.0,0.0,0.0,0.0,0.0,0.0,0.0,0.0,0.0,0.0,0.0,0.0,0.0,0.0,0.0,0.0,45.0,45.0,2,260,1
86,8,12,20071224.0,122.0,5,3203369760.0,121305945.0,3016977154.0,1691654970.0,2767325.0,42813140.0,42748980.0,0.0,25040846.0,572203990.0,559381966.0,238205017.0,273500.0,3256595679.0,2994192938.0,79510330.0,0.0,1911263611.0,411263611.0,0.0,1500000000.0,1500000000.0,1917536058.0,0.0,3215763567.0,88929042.0,2923268081.0,1579212040.0,73389187.0,58998772.0,38628772.0,26170340.0,191786519.0,598918238.0,598265595.0,252655437.0,0.0,3198457003.0,3032836783.0,33090500.0,0.0,1904880029.0,1904880029.0,1500000000.0,0.0,0.0,1892495212.0,0.0,47.0,0.0,2,282,1
87,8,24,19960308.0,12.0,1,3502171287.0,0.0,3734032401.0,2302743310.0,24842772.0,26981985.0,15108459.0,0.0,-234000327.0,586307606.0,537944463.0,296215154.0,48363143.0,2776432432.0,2641040471.0,5100000.0,0.0,2646999296.0,1370486234.0,0.0,1276513062.0,415000000.0,715740742.0,-25228158.0,3725639510.0,0.0,3814298684.0,2319919003.0,11479941.0,16619798.0,13834246.0,0.0,-93799031.0,662325084.0,613510565.0,192701979.0,48814519.0,2456996985.0,2451896985.0,5100000.0,0.0,2170056436.0,885804690.0,0.0,1284251746.0,415000000.0,949265633.0,208296733.0,52.0,52.0,2,292,1
88,12,26,20050503.0,124.0,5,19040120301.0,1809686866.0,18630988374.0,9159502876.0,3612970059.0,2069878980.0,967337721.0,44654799.0,97881341.0,138476790.0,138476790.0,100980930.0,0.0,4592048854.0,2829903500.0,0.0,0.0,44852005.0,1009044865.0,0.0,0.0,0.0,925107970.0,4288626279.0,18117082193.0,1685135843.0,14954784060.0,8569088083.0,45280314.0,1215562462.0,1090310725.0,63119448.0,243760694.0,184957435.0,183748945.0,176641380.0,1208490.0,4395337615.0,2829903500.0,0.0,0.0,57485251.0,1047007612.0,0.0,0.0,0.0,971025291.0,4209769513.0,-999.0,-999.0,0,293,1
89,2,28,20070914.0,124.0,5,3023693310.0,83253062.0,2708665450.0,1438180079.0,84776266.0,174381426.0,138877326.0,19456897.0,122712741.0,2320507788.0,2314833988.0,345135637.0,5673800.0,5458576210.0,5447576210.0,11000000.0,0.0,1666029149.0,139085575.0,0.0,1526943574.0,1526943574.0,6113054849.0,0.0,2953772260.0,88992478.0,2773533796.0,1408527602.0,77469178.0,211047474.0,138153154.0,0.0,-42332310.0,2326351938.0,2321114211.0,217837440.0,5237727.0,5661081089.0,5650081089.0,11000000.0,0.0,1997090919.0,263562970.0,0.0,1733527949.0,1733527949.0,5990342108.0,0.0,47.0,47.0,1,294,1
90,9,32,20160329.0,156.0,5,2807252790.0,189692304.0,3719921250.0,2004020934.0,0.0,0.0,215416713.0,0.0,-1102360764.0,2519927279.0,2299566279.0,16500000.0,220361000.0,5535015297.0,5431439536.0,50400161.0,0.0,9233546793.0,4166036793.0,0.0,5067510000.0,5067510000.0,-1178604217.0,0.0,1279056568.0,108686957.0,2322884130.0,1408016850.0,0.0,0.0,158956617.0,0.0,-1152514519.0,2369326148.0,2267223148.0,11000000.0,102103000.0,5698856623.0,5594372462.0,45400161.0,0.0,7930073123.0,2930073123.0,0.0,5000000000.0,5000000000.0,138109648.0,0.0,56.0,54.0,2,299,1
91,9,32,20120220.0,174.0,5,3909618456.0,140999792.0,3529514998.0,2510576803.0,14164802.0,0.0,233132294.0,0.0,253268468.0,1425011575.0,1310775575.0,904006961.0,114236000.0,5616632654.0,5589632654.0,27000000.0,0.0,4704816402.0,492937695.0,0.0,4211878707.0,4211878707.0,2336827827.0,0.0,3834959080.0,135442240.0,3589611608.0,2567364676.0,131359431.0,0.0,230484000.0,0.0,241264663.0,1674054721.0,1610252591.0,767912336.0,63802130.0,5058892577.0,5055892577.0,3000000.0,0.0,4439122347.0,412515798.0,0.0,4026606549.0,4026606549.0,2293824951.0,0.0,76.0,83.0,1,301,1
92,9,35,19880826.0,95.0,4,10765900122.0,0.0,11483996496.0,6326855029.0,823222665.0,69643963.0,49141906.0,0.0,35482328.0,1512967958.0,1429411175.0,931023840.0,83556783.0,5247102810.0,4734251254.0,512851556.0,0.0,4519783459.0,2902783459.0,0.0,1620000000.0,1594400000.0,2240287309.0,0.0,9466426520.0,0.0,9788969058.0,5240956230.0,404832240.0,69775902.0,45457289.0,0.0,12513800.0,1594623806.0,1505988267.0,754194050.0,88635539.0,5104398321.0,4683738321.0,420660000.0,0.0,4494217146.0,2731017146.0,0.0,1763200000.0,1740600000.0,2204804981.0,0.0,125.0,125.0,2,307,1
93,15,36,20100531.0,104.0,5,2846454139.0,0.0,2975635457.0,1226582599.0,27863965.0,152257910.0,39142558.0,0.0,-253575263.0,1358299893.0,1358299893.0,5922690.0,0.0,1800441173.0,1650367839.0,150000000.0,0.0,1452610481.0,1372151315.0,0.0,80459166.0,0.0,1706130585.0,143773550.0,3258857834.0,0.0,3060128158.0,1364295627.0,12313684.0,38708618.0,34705682.0,24136658.0,148198084.0,1267779938.0,1267779938.0,705850.0,0.0,2076712976.0,1878377882.0,197381760.0,0.0,1902391248.0,1902391248.0,1649456932.0,0.0,0.0,1442101666.0,397348813.0,-999.0,-999.0,0,310,1
94,15,52,20071023.0,188.0,5,7076517445.0,437440464.0,5997597082.0,3178469750.0,5948528.0,3066600.0,0.0,97387100.0,546974727.0,2478398936.0,2465753246.0,632011860.0,12645690.0,5246906923.0,5146646923.0,100260000.0,0.0,1830139595.0,1356093485.0,0.0,474046110.0,0.0,5895166264.0,0.0,6396648832.0,396476702.0,5458001476.0,2898863180.0,2552260.0,12933526.0,7934465.0,14830575.0,516958813.0,1189395946.0,1186140866.0,455543450.0,3255080.0,5350630243.0,5250370243.0,100260000.0,0.0,1191834652.0,1059697892.0,0.0,132136760.0,0.0,5348191537.0,0.0,80.0,81.0,2,326,1
95,1,57,20090508.0,174.0,5,4625146250.0,0.0,4464409285.0,2208583336.0,34999144.0,95069924.0,87469375.0,0.0,100666185.0,476455519.0,476455519.0,303921858.0,0.0,4677990363.0,4666330363.0,11660000.0,0.0,3818442750.0,1520053069.0,0.0,2298389681.0,2298389681.0,1336003132.0,562073772.0,4685275140.0,0.0,4453379801.0,2227336005.0,37609323.0,91735802.0,86485802.0,0.0,177768860.0,370962594.0,370962594.0,247732720.0,0.0,4248879992.0,4241279992.0,7600000.0,0.0,3384505639.0,1554505639.0,0.0,1830000000.0,1830000000.0,1235336947.0,562073772.0,63.0,52.0,2,330,1
96,0,61,19990212.0,25.0,4,6471901320.0,352489792.0,6122838171.0,3868987350.0,39822971.0,26847910.0,21847910.0,2441010.0,7107408.0,1659182537.0,1604580075.0,1175707360.0,54602462.0,7807625094.0,7623438324.0,130320000.0,0.0,2905561718.0,261902315.0,0.0,2643659403.0,800000000.0,6561245913.0,1820237995.0,6543863477.0,353956148.0,6218292255.0,3828402230.0,73156238.0,30774710.0,22319195.0,0.0,13996602.0,1601501039.0,1560037559.0,859885730.0,41463480.0,7852941805.0,7668755035.0,130320000.0,0.0,2900304339.0,256644936.0,0.0,2643659403.0,800000000.0,6554138505.0,1813130587.0,90.0,90.0,2,334,1
97,0,62,20100423.0,194.0,5,9415617490.0,0.0,8968913624.0,5677301293.0,131414973.0,559742865.0,67442885.0,89043270.0,-70667296.0,2201031755.0,2201031755.0,1376992103.0,0.0,7257672915.0,5275394718.0,500000000.0,0.0,5791812668.0,1152504760.0,0.0,4639307908.0,2040000000.0,3666892002.0,1239850236.0,9556086350.0,0.0,8847120004.0,5493770718.0,125568389.0,645188834.0,46754914.0,210419010.0,-21073109.0,1815022642.0,1815022642.0,1164451157.0,0.0,6868778499.0,5124337672.0,500000000.0,0.0,4946241843.0,689785015.0,0.0,4256456828.0,2080000000.0,3737559298.0,1310517532.0,190.0,170.0,2,336,1
98,0,62,20060621.0,275.0,5,15660220800.0,1371181122.0,12233635706.0,7414728953.0,111278814.0,1300109363.0,200073493.0,256150850.0,610422573.0,5742607277.0,5732021706.0,1467171435.0,10585571.0,9108292328.0,6641812128.0,2140300000.0,0.0,5826243871.0,496243871.0,0.0,5330000000.0,5330000000.0,9024655734.0,0.0,16070778740.0,1437084397.0,12067942021.0,7249774409.0,84023627.0,1280633508.0,207177542.0,322238920.0,1046903521.0,5140492775.0,5130314041.0,1373224395.0,10178734.0,9875138768.0,7180398568.0,2156560000.0,0.0,6601398382.0,906398382.0,415479890.0,5700000000.0,5700000000.0,8414233161.0,0.0,222.0,222.0,2,337,1
99,0,66,20100226.0,-999.0,5,39441590.0,1835644.0,113993911.0,54852537.0,3240000.0,146544398.0,12726531.0,8433480.0,-228125843.0,44027348.0,44027348.0,37018505.0,0.0,3720335025.0,3720335025.0,0.0,0.0,2029206430.0,144206430.0,0.0,1890000000.0,1890000000.0,1735155943.0,0.0,2284414711.0,652246618.0,1727133859.0,1037262094.0,5707843.0,68518194.0,67216051.0,9773610.0,-167549727.0,106622964.0,96552484.0,45816871.0,1637000.0,3869996732.0,3858040732.0,11956000.0,0.0,2013337910.0,128337910.0,0.0,1890000000.0,1890000000.0,1963281786.0,0.0,32.0,32.0,0,341,0
100,0,67,20080804.0,175.0,5,4324061550.0,145170512.0,3688645504.0,2062700526.0,54516801.0,157277722.0,110692050.0,61854780.0,325629833.0,2356176969.0,2350994864.0,424957790.0,5182105.0,5294389541.0,5294389541.0,0.0,0.0,3984782764.0,484782764.0,0.0,3500000000.0,3500000000.0,3665783746.0,2170400355.0,4137903370.0,136085133.0,3491813581.0,1932590050.0,51365317.0,207563853.0,152655180.0,57596940.0,296209180.0,1889037340.0,1879150502.0,419142870.0,9886838.0,5450482767.0,5450482767.0,0.0,0.0,3999366194.0,499366194.0,0.0,3500000000.0,3500000000.0,3340153913.0,1844770522.0,67.0,67.0,2,343,1
101,2,73,20110404.0,162.0,5,3235888530.0,153447922.0,2977818282.0,1851296220.0,888311.0,45416388.0,44766388.0,5161720.0,54932529.0,895916147.0,869790527.0,632674512.0,26125620.0,3448522269.0,3409122269.0,39400000.0,0.0,2047027775.0,387950833.0,0.0,1659076942.0,1410000000.0,2297410641.0,0.0,2963309660.0,151221464.0,2656666425.0,1752450220.0,4098683.0,99794869.0,39766943.0,0.0,59725585.0,692205209.0,670070009.0,576012728.0,22135200.0,3348350366.0,3308950366.0,39400000.0,0.0,1784794973.0,392577091.0,0.0,1392217882.0,1090000000.0,2255760602.0,0.0,66.0,66.0,2,348,1
102,8,99,20080807.0,149.0,5,17855223156.0,0.0,20831295203.0,10119106740.0,1972119859.0,314182108.0,291767884.0,0.0,-1318134296.0,0.0,0.0,0.0,0.0,0.0,0.0,0.0,0.0,0.0,0.0,0.0,0.0,0.0,0.0,0.0,18522303265.0,0.0,19564511794.0,9904327332.0,817477479.0,273357912.0,270787028.0,0.0,-498088962.0,0.0,0.0,0.0,0.0,0.0,0.0,0.0,0.0,0.0,0.0,0.0,0.0,0.0,0.0,0.0,224.0,239.0,2,368,1
103,9,101,20121030.0,236.0,5,6424633770.0,277509390.0,5521852244.0,3469814470.0,20630098.0,120726816.0,85682325.0,59746400.0,465429018.0,2217284696.0,2217284696.0,948943639.0,0.0,5261753789.0,5151045586.0,4900000.0,0.0,3256514976.0,578514976.0,0.0,2680000000.0,2680000000.0,4222523509.0,900028311.0,5944442070.0,280006095.0,5203995098.0,3243576450.0,25429430.0,110590376.0,91416502.0,11671164.0,363608767.0,1463296250.0,1463296250.0,740330025.0,0.0,5544472812.0,5422192638.0,6900000.0,0.0,3206273805.0,566273805.0,0.0,2640000000.0,2640000000.0,3801495257.0,479000059.0,130.0,130.0,2,370,1
104,7,107,20120618.0,142.0,5,872461860.0,0.0,797293612.0,379791952.0,11506491.0,16506706.0,15990706.0,0.0,70168033.0,1665423333.0,1665423333.0,0.0,0.0,4569689384.0,4524689384.0,30000000.0,0.0,2606700604.0,328700604.0,0.0,2280000000.0,2280000000.0,3628412113.0,0.0,0.0,0.0,0.0,0.0,0.0,0.0,0.0,0.0,0.0,0.0,0.0,0.0,0.0,0.0,0.0,0.0,0.0,0.0,0.0,0.0,0.0,0.0,0.0,0.0,61.0,-999.0,0,374,1
105,7,113,20130523.0,377.0,5,13842183880.0,0.0,11011996719.0,6791354810.0,122104378.0,1691550874.0,200233334.0,279212463.0,981528202.0,3369634598.0,3326634598.0,1908242010.0,43000000.0,14500245765.0,14060793449.0,109970000.0,0.0,14307786082.0,3950517666.0,0.0,10357268416.0,6571860000.0,3562094281.0,0.0,13158971915.0,0.0,11091862203.0,6027463234.0,125458084.0,1308850453.0,233755985.0,191856440.0,691860903.0,2353032540.0,2309714152.0,1669601703.0,43318388.0,14347838926.0,14228980546.0,87970000.0,0.0,14120305387.0,4404083387.0,0.0,9716222000.0,7412540000.0,2580566079.0,0.0,190.0,190.0,2,377,1
106,1,117,20100913.0,12.0,5,1703219120.0,0.0,1722127416.0,1089792630.0,13420717.0,32463055.0,24862815.0,0.0,-37950634.0,581054581.0,581054581.0,210391970.0,0.0,1592363136.0,1592363136.0,0.0,0.0,792979502.0,132979502.0,0.0,660000000.0,660000000.0,1380438215.0,0.0,1758359400.0,0.0,1649947308.0,994300010.0,14739674.0,41559557.0,31207765.0,0.0,81592209.0,558304424.0,558304424.0,141961820.0,0.0,1691894729.0,1691894729.0,0.0,0.0,821284184.0,161284184.0,0.0,660000000.0,660000000.0,1428914969.0,0.0,28.0,25.0,1,380,1
107,16,123,19970422.0,103.0,4,81592457513.0,14958384377.0,58382491504.0,41180659590.0,1001900508.0,1061933692.0,468197565.0,1470911860.0,6720636588.0,25208553928.0,24940224029.0,0.0,268329899.0,59508838127.0,57342481111.0,143076700.0,0.0,37219430599.0,15350916476.0,0.0,21868514123.0,12685694668.0,47497961456.0,23771308976.0,74988954767.0,14321305145.0,53528122314.0,37143493440.0,3724670865.0,1278392545.0,622136040.0,1336396350.0,8249409278.0,19204498353.0,18964510736.0,160910.0,239987617.0,60468891364.0,57733957122.0,133346700.0,0.0,38896064849.0,15317519808.0,0.0,23578545041.0,14791061480.0,40777324868.0,23771308976.0,604.0,604.0,2,382,1
108,7,132,20060401.0,74.0,5,2755846059.0,0.0,2691651035.0,1561923089.0,25577201.0,68603268.0,68603252.0,5846521.0,15322436.0,1835339403.0,1835339403.0,394648499.0,0.0,2335423937.0,2056548494.0,110450000.0,0.0,2124576277.0,99576277.0,0.0,2030000000.0,2030000000.0,2046187063.0,0.0,2664335589.0,0.0,2592821966.0,1421629353.0,27984621.0,76148394.0,75988692.0,4852670.0,18497180.0,1857458476.0,1857458476.0,482482067.0,0.0,2280193036.0,2011767593.0,100000000.0,0.0,2106786885.0,81786885.0,0.0,2030000000.0,2030000000.0,2030864627.0,0.0,55.0,56.0,2,387,1
109,7,132,20000801.0,102.0,4,9737271345.0,0.0,0.0,0.0,0.0,10071681269.0,0.0,0.0,-334409924.0,330859584.0,330859584.0,278571137.0,0.0,3682387256.0,3592387256.0,90000000.0,0.0,4482911371.0,1541896877.0,0.0,2941014494.0,2063135822.0,-469664531.0,0.0,6916241703.0,0.0,0.0,0.0,0.0,7649475492.0,0.0,0.0,-733233789.0,387778576.0,387778576.0,168735651.0,0.0,3568485346.0,3498485346.0,70000000.0,0.0,4879530859.0,1416482643.0,0.0,3463048216.0,2422436487.0,-923266937.0,0.0,33.0,20.0,2,388,1
110,8,134,20120503.0,53.0,4,6296805353.0,1192329214.0,4880757704.0,3477671958.0,52545761.0,235283634.0,199148566.0,7108830.0,33871732.0,0.0,0.0,0.0,0.0,0.0,0.0,0.0,0.0,0.0,0.0,0.0,0.0,0.0,0.0,0.0,6209962225.0,0.0,5861164025.0,3111653649.0,24638178.0,235218890.0,0.0,14258180.0,123959308.0,0.0,0.0,0.0,0.0,0.0,0.0,0.0,0.0,0.0,0.0,0.0,0.0,0.0,0.0,0.0,63.0,63.0,2,389,1
111,10,140,19990610.0,20.0,1,1093225342.0,0.0,1064146298.0,645557966.0,5894591.0,6499454.0,1634316.0,3329587.0,25144594.0,256618464.0,255632464.0,0.0,986000.0,926064669.0,723000367.0,203064302.0,2664302.0,105100776.0,75100776.0,0.0,30000000.0,30000000.0,1077582357.0,0.0,1046621924.0,0.0,1002233429.0,583760285.0,2753251.0,5007863.0,2380833.0,2338800.0,39795083.0,228717446.0,227800446.0,0.0,917000.0,940021101.0,737154708.0,202866393.0,2466393.0,116300784.0,75300784.0,0.0,41000000.0,41000000.0,1052437763.0,0.0,16.0,16.0,2,394,1
112,12,143,20161229.0,156.0,5,10611031.0,0.0,8800.0,0.0,0.0,0.0,0.0,0.0,10602231.0,0.0,0.0,0.0,0.0,0.0,0.0,0.0,0.0,0.0,0.0,0.0,0.0,0.0,0.0,0.0,0.0,0.0,0.0,0.0,0.0,0.0,0.0,0.0,0.0,0.0,0.0,0.0,0.0,0.0,0.0,0.0,0.0,0.0,0.0,0.0,0.0,0.0,0.0,0.0,36.0,-999.0,0,395,1
113,12,143,20161229.0,156.0,5,10611031.0,0.0,8800.0,0.0,0.0,0.0,0.0,0.0,10602231.0,0.0,0.0,0.0,0.0,0.0,0.0,0.0,0.0,0.0,0.0,0.0,0.0,0.0,0.0,0.0,0.0,0.0,0.0,0.0,0.0,0.0,0.0,0.0,0.0,0.0,0.0,0.0,0.0,0.0,0.0,0.0,0.0,0.0,0.0,0.0,0.0,0.0,0.0,0.0,36.0,-999.0,0,396,1
114,12,147,20130722.0,194.0,5,5479247780.0,295974633.0,5173015225.0,3263054070.0,7071508.0,70040708.0,65052343.0,0.0,-52711278.0,753946845.0,744070595.0,529993532.0,9876250.0,6845456374.0,6617844688.0,25799000.0,0.0,2186917692.0,356470648.0,0.0,1830447044.0,1830447044.0,5412485527.0,0.0,5228549030.0,326796181.0,5123227065.0,3153987490.0,26282595.0,82381907.0,77726069.0,0.0,-277573528.0,839722067.0,829705727.0,590637123.0,10016340.0,7106466367.0,6958012823.0,20799000.0,0.0,2470991629.0,378970298.0,0.0,2092021331.0,2092021331.0,5475196805.0,0.0,106.0,103.0,2,397,1
115,11,149,20070912.0,13.0,5,7492834149.0,0.0,6547069893.0,2527670216.0,148120856.0,601828753.0,193531715.0,141779000.0,350277359.0,2292805432.0,2219604938.0,765749755.0,73200494.0,8309067142.0,7513837205.0,31125000.0,0.0,6938766297.0,271496858.0,0.0,6667269439.0,5646644000.0,3663106277.0,0.0,7280189837.0,0.0,5952265934.0,2540482850.0,196931214.0,789245776.0,116581458.0,64761260.0,670848081.0,1779101713.0,1717013386.0,998679520.0,62088327.0,8372412490.0,7452794935.0,30450000.0,0.0,6934269394.0,476785314.0,0.0,6457484080.0,5786636000.0,3217244809.0,0.0,66.0,68.0,2,398,1
116,9,155,20080602.0,170.0,4,7897860940.0,866883987.0,6393699075.0,3553658000.0,30827145.0,296902093.0,132573374.0,60703130.0,310499800.0,1176098219.0,1152938480.0,5467970.0,23159739.0,8739596303.0,8668758285.0,38031200.0,0.0,4041861864.0,791129612.0,0.0,3250732252.0,3250732252.0,5873832658.0,1424647237.0,7783065290.0,885272296.0,6199745642.0,3397664638.0,15251327.0,351730258.0,167720824.0,73237127.0,288331294.0,1012792485.0,993819876.0,6565300.0,18972609.0,8728740043.0,8495281869.0,48057200.0,0.0,3859567537.0,709244707.0,0.0,3150322830.0,3150322830.0,5881964991.0,1299147437.0,104.0,98.0,2,401,1
117,2,159,20131226.0,148.0,5,4094377700.0,0.0,4062433337.0,2025037730.0,2445844.0,110762670.0,105896120.0,0.0,-76372463.0,0.0,0.0,0.0,0.0,0.0,0.0,0.0,0.0,0.0,0.0,0.0,0.0,0.0,0.0,0.0,3854779260.0,0.0,3861625753.0,1946642195.0,2016273.0,125256495.0,123529614.0,0.0,-130086715.0,0.0,0.0,0.0,0.0,0.0,0.0,0.0,0.0,0.0,0.0,0.0,0.0,0.0,0.0,0.0,60.0,57.0,2,403,1
118,2,159,20110926.0,149.0,5,1713748130.0,154048910.0,1544841142.0,909009899.0,31802043.0,102079.0,0.0,5121384.0,41436658.0,357458089.0,343908989.0,0.0,13549100.0,2254348972.0,2233148972.0,20000000.0,0.0,460466782.0,460466782.0,0.0,0.0,0.0,2151340279.0,0.0,1375262760.0,95080680.0,1244314310.0,706161059.0,11188471.0,2835680.0,0.0,2035530.0,42185031.0,381360427.0,375949827.0,0.0,5410600.0,2168594065.0,2146794065.0,20000000.0,0.0,440050871.0,440050871.0,0.0,0.0,0.0,2109903621.0,0.0,19.0,19.0,2,404,1
119,1,165,19930614.0,136.0,5,3094658040.0,222734030.0,2657350485.0,1980105436.0,32010723.0,144936631.0,119622621.0,0.0,101647617.0,312222173.0,300440703.0,153970.0,11781470.0,6820441501.0,6798386472.0,11600000.0,0.0,4369717698.0,449946425.0,0.0,3919771273.0,2699995376.0,2762945976.0,0.0,1936572996.0,244686608.0,1768654401.0,1346670959.0,14770056.0,168281415.0,133345599.0,0.0,-230279372.0,1110167515.0,1097083225.0,111310.0,13084290.0,6280818830.0,6253089455.0,17450000.0,0.0,4729687986.0,695803642.0,0.0,4033884344.0,3005150732.0,2661298359.0,0.0,49.0,40.0,2,410,1
120,8,168,-999.0,-999.0,0,558362470.0,74434148.0,548290004.0,282685213.0,3138900.0,1281313631.0,33462261.0,0.0,-1342536413.0,0.0,0.0,0.0,0.0,0.0,0.0,0.0,0.0,0.0,0.0,0.0,0.0,0.0,0.0,0.0,1160742200.0,130524845.0,761417108.0,459099355.0,1045466.0,120385797.0,70385797.0,0.0,149459916.0,0.0,0.0,0.0,0.0,0.0,0.0,0.0,0.0,0.0,0.0,0.0,0.0,0.0,0.0,0.0,21.0,21.0,2,413,0
121,8,177,20110415.0,167.0,5,447103000.0,142333923.0,258151404.0,119127000.0,11819784.0,0.0,0.0,8752055.0,49685402.0,281135896.0,233613481.0,1890000.0,47522415.0,2143993603.0,2143993603.0,0.0,0.0,58003560.0,33540871.0,0.0,24462689.0,0.0,2367125939.0,0.0,464957000.0,109673776.0,315326399.0,73569006.0,368343.0,0.0,0.0,0.0,40325168.0,38130018.0,0.0,0.0,38130018.0,2212408193.0,2212408193.0,0.0,0.0,1022401481.0,49244180.0,0.0,973157301.0,0.0,1228136730.0,0.0,111.0,111.0,2,421,1
122,13,33,20011012.0,0.0,6,22330305917.0,848465677.0,18492554091.0,12322408350.0,423628901.0,1304816893.0,417949094.0,415894516.0,1692203641.0,18292922272.0,18184287157.0,3728960464.0,108635115.0,13076229994.0,12656386688.0,312415620.0,0.0,15827363792.0,12859729048.0,0.0,2967634744.0,0.0,15541788474.0,0.0,22395094765.0,849208518.0,18055026392.0,11388845170.0,483447584.0,1574477731.0,571079590.0,553752070.0,1846077638.0,17088185795.0,17018788324.0,3084698893.0,69397471.0,12393573118.0,11730061607.0,310415620.0,0.0,15632174080.0,12881803375.0,0.0,2750370705.0,0.0,13849584833.0,0.0,560.0,-999.0,0,424,0
123,8,74,20010530.0,-999.0,7,18339061749.0,0.0,17601165049.0,6824241310.0,31454472.0,21226325.0,20955825.0,690333412.0,57791435.0,3706256229.0,3706256229.0,1055425050.0,0.0,7787147419.0,7339147419.0,240000000.0,0.0,1938709765.0,1893266800.0,0.0,45442965.0,0.0,9554693883.0,8116872841.0,19115032632.0,0.0,18247170860.0,7250613555.0,41234195.0,74334514.0,56334513.0,161647510.0,673113943.0,4588940545.0,4588940545.0,1188603560.0,0.0,7162189675.0,6820409675.0,133780000.0,0.0,3176627772.0,1376741520.0,0.0,1799886252.0,1740000000.0,8574502448.0,7136681406.0,132.0,137.0,2,425,1
124,8,116,20010101.0,150.0,4,14242664951.0,1726174241.0,11487224105.0,6279155191.0,27234504.0,860727881.0,847168144.0,18532940.0,177240288.0,0.0,0.0,0.0,0.0,0.0,0.0,0.0,0.0,0.0,0.0,0.0,0.0,0.0,0.0,0.0,13072334528.0,1629290187.0,10605787403.0,5655639953.0,126003904.0,810119292.0,689457853.0,18015170.0,135126380.0,0.0,0.0,0.0,0.0,0.0,0.0,0.0,0.0,0.0,0.0,0.0,0.0,0.0,0.0,0.0,-999.0,-999.0,0,429,1
125,11,76,20010201.0,0.0,2,48927096685.0,41571482611.0,4721485293.0,1514547079.0,85098148.0,1270081418.0,837926647.0,31802061.0,1417343450.0,10282864993.0,9002630441.0,15569326.0,1280234552.0,29520302153.0,8782116864.0,7537348637.0,0.0,38590886632.0,9342813900.0,0.0,29248072732.0,25631200000.0,1212280514.0,0.0,47584771796.0,40158526993.0,5061218682.0,1404340907.0,99795507.0,1274425876.0,843338692.0,0.0,1190395752.0,7848232914.0,6707101749.0,15569326.0,1141131165.0,29150673121.0,7869000997.0,7112779552.0,0.0,37203968971.0,8485918077.0,0.0,28718050894.0,25631200000.0,-205062936.0,0.0,363.0,343.0,2,430,1
126,1,163,19961216.0,96.0,4,10924439614.0,1168730912.0,8709839395.0,3784543097.0,44291132.0,723087615.0,422093847.0,25911850.0,341160974.0,0.0,0.0,0.0,0.0,0.0,0.0,0.0,0.0,0.0,0.0,0.0,0.0,0.0,0.0,0.0,11192037107.0,1354811922.0,9338873876.0,3757220969.0,37288944.0,471056837.0,455756837.0,16297263.0,48286153.0,0.0,0.0,0.0,0.0,0.0,0.0,0.0,0.0,0.0,0.0,0.0,0.0,0.0,0.0,0.0,-999.0,-999.0,0,431,1
